Acc-1,Acc-2,Acc-3,Gps-1,Gps-2,Gyr-1,Gyr-2,Gyr-3,Lum-1,MagF-1,MagF-2,MagF-3,Class
-4.1683054,-3.752911,2.837129,-21.929329,-50.492043,2.631302,-0.21487185,1.568702,0,17.609999,-13.117499,2.3775,0
-3.691859,-10.905589,-3.3794158,-21.929085,-50.492012,-1.9495764,-1.8721492,-2.933375,0,17.055,-13.545,3.1499999,0
3.645172,-14.310143,-3.5625722,-21.929094,-50.49201,-3.5811975,-0.08109236,-1.3414601,0,13.7175,-14.3025,9.4425,0
1.7118542,-8.969876,-1.3503298,-21.9291,-50.492004,0.3100141,2.1589506,-0.37568212,0,10.29,-14.242499,13.7925,0
-0.7326257,-9.799467,1.7322049,-21.929102,-50.491993,2.2464569,0.8712466,0.9896017,0,8.4375,-11.925,15.7575,0
0.5482722,-14.603434,6.8462195,-21.929092,-50.491993,1.4553864,-0.40973786,0.70432764,0,15.5025,-13.8975,7.2974997,0
-3.9671922,-9.946711,-6.435614,-21.92909,-50.491997,-0.8549059,0.9213375,-2.1594086,0,15.1875,-13.92,8.1975,0
-1.1563994,-6.6642604,1.7322049,-21.929092,-50.49199,-0.4700608,-1.5233452,-0.874759,0,13.8075,-13.987499,9.2925,0
-0.4405331,-13.135788,-6.872556,-21.92909,-50.491985,-3.2220087,-0.97051215,0.28038713,0,11.37,-14.219999,11.565,0
5.530606,-12.209231,-2.8754363,-21.929085,-50.491966,-0.5177083,0.9634872,0.032986723,0,7.6124997,-14.804999,15.36,0
2.610877,-8.109161,2.9939492,-21.929073,-50.491943,2.1426098,2.7148378,0.50885075,0,5.9849997,-11.0625,18.09,0
-4.7189717,-8.713697,3.13401,-21.929071,-50.491924,1.983174,-0.52946746,0.729984,0,13.5,-14.099999,10.4025,0
-6.06571,-6.3470287,-1.0857705,-21.929008,-50.491875,0.0027488936,-0.889878,0.124005646,0,16.297499,-13.799999,6,0
-4.7800236,-3.264494,2.56419,-21.92899,-50.491867,2.409558,-0.7469355,2.1386392,0,17.22,-12.285,1.1474999,0
-2.3259668,-8.111555,1.079785,-21.928976,-50.491848,-0.9795224,-0.89843005,-1.1972959,0,16.3125,-13.0875,2.2649999,0
-4.358644,-14.873978,-0.45370123,-21.928968,-50.491837,-2.1474967,-0.082924955,-1.4123205,0,17.0625,-12.599999,-0.4125,0
1.5574282,-10.907983,1.1899183,-21.92896,-50.491825,-0.7498371,0.6177375,-0.23640485,0,14.4,-14.759999,4.5299997,0
2.885013,-8.020576,1.4269443,-21.928942,-50.49181,1.8658879,2.034334,0.5742133,0,9.622499,-11.617499,12.735,0
-13.4183035,-7.937976,5.0900726,-21.92893,-50.4918,1.6972891,-0.30283645,1.8521434,0,16.8975,-12.3,3.6,0
29.63064,-21.05461,-22.820333,-21.928905,-50.491787,-0.07238753,0.70325863,-1.496009,0,15.464999,-12.8324995,5.5425,0
-0.49679685,-3.8750155,2.15957,-21.928827,-50.491776,0.6252206,-1.048092,-0.657291,0,13.9725,-13.049999,7.3875,0
-0.60333884,-13.607446,1.7262194,-21.928814,-50.491764,-1.5855007,1.1577424,-2.1911736,0,12.675,-11.985,8.1675,0
1.7034745,-13.339294,-0.4345476,-21.928797,-50.491737,-1.2379184,-0.39263365,-0.6554584,0,9.952499,-13.275,10.5675,0
1.7130513,-8.431181,-0.61171854,-21.928791,-50.491714,1.3906348,1.0239629,0.8503244,0,9.7725,-12.224999,15,0
-1.2725182,-10.761936,2.2744915,-21.928783,-50.4917,2.1444426,0.52549684,0.90285885,0,13.9275,-12.344999,9.75,0
3.9695864,-21.35149,-5.795165,-21.92878,-50.491688,1.244638,-1.0578659,-0.2602286,0,16.5975,-12.5025,2.7975,0
-2.4791958,-4.735731,1.6089035,-21.928776,-50.491673,1.6636915,0.0050396384,2.1881194,0,16.755,-11.91,2.355,0
0.89303726,-7.4208283,-0.06584055,-21.928772,-50.49166,-0.9923506,-0.948521,-1.6737708,0,17.1225,-11.4225,-0.1275,0
-2.088941,-12.508507,-3.4811692,-21.928768,-50.491642,-3.3221905,-1.3370314,-0.27550024,0,15.4725,-12.8025,4.5,0
1.1623849,-10.952275,-4.8243165,-21.928764,-50.49163,0.0009162979,1.0612257,0.014049901,0,14.1825,-14.1075,4.7925,0
3.3686419,-8.892065,-0.008379706,-21.928759,-50.491615,1.7968601,1.3342824,0.9297369,0,12.907499,-13.53,6.8475,0
-6.2979474,-8.910022,5.3678,-21.928743,-50.491577,1.983174,0.2518292,1.328021,0,17.797499,-11.099999,-0.39749998,0
1.1013328,-6.903681,-5.887342,-21.92874,-50.491558,-0.5946773,1.2976305,0.5693264,0,18.0075,-10.62,-2.2124999,0
-3.5422213,-0.06703765,4.7620673,-21.928734,-50.491543,2.2739458,-0.21059579,0.25778514,0,17.115,-9.78,3.5249999,0
0.6811504,-7.3897038,-2.1092918,-21.928726,-50.491524,-0.72173727,-2.9002354,-0.9407325,0,17.3925,-11.3025,6.4424996,0
1.2605472,-17.40465,4.095282,-21.928717,-50.4915,-2.4785857,-0.03283401,-1.3933836,0,9.9675,-11.7975,13.8375,0
5.3845596,-10.759542,4.679467,-21.92871,-50.491486,0.15485434,0.6452264,-0.21319197,0,4.7625,-12.4574995,15.8775,0
0.10414778,-9.933543,-4.7524905,-21.928703,-50.491474,0.81581056,-1.1171198,1.282817,0,1.995,-10.4775,18.33,0
0.38067806,-8.22528,1.9117701,-21.928661,-50.49146,2.5024095,3.0917418,0.6536258,0,2.445,-9.0824995,17.609999,0
0.08619126,-11.6825075,1.7884687,-21.928644,-50.49145,0.5549711,-0.09819659,1.0629056,0,9.367499,-12.2625,13.072499,0
-6.9850836,-17.682377,-8.543709,-21.928629,-50.491447,-3.058297,-2.7096455,1.0885619,0,13.889999,-12.255,7.74,0
-10.0903635,-8.252813,-20.632032,-21.928614,-50.49144,-2.399784,-1.551445,-2.352442,0,16.41,-11.34,2.595,0
-1.0941502,-0.7062895,4.8781857,-21.928589,-50.49143,1.3154984,-0.61559945,0.14844026,0,18.7875,-8.9475,5.3325,0
1.4975731,-6.411672,-1.8303672,-21.928574,-50.49143,-0.7296785,-2.6021333,-1.1154399,0,13.934999,-11.01,8.8875,0
-0.93014735,-19.314026,5.8023477,-21.928514,-50.491398,-1.820073,-0.16050485,-1.8454239,0,11.16,-11.535,11.8575,0
7.1466923,-12.063186,-2.0374656,-21.928493,-50.49137,-1.2501358,-1.048092,-1.3396275,0,7.1924996,-12.63,15.1275,0
4.985925,-9.436746,4.4795513,-21.928495,-50.49136,0.13225232,2.755155,0.106901415,0,3.9299998,-11.7074995,17.16,0
1.3467385,-8.945934,-0.16998832,-21.928501,-50.49135,1.2513574,2.3477077,1.0262536,0,3.135,-10.0199995,17.625,0
1.9237411,-11.707646,2.36188,-21.928513,-50.491318,2.5561657,1.753336,0.3323107,0,9.42,-10.275,14.13,0
-0.7613561,-9.856929,13.815741,-21.928518,-50.491306,1.7620409,1.2976305,0.9773844,0,14.4,-11.9025,8.4,0
4.155137,-12.314576,-9.587581,-21.92852,-50.49129,0.3210097,2.0044017,-0.1740966,0,14.594999,-11.79,8.1825,0
-6.1638722,1.8794483,5.33069,-21.928522,-50.491272,2.218357,-0.70661837,0.32925636,0,16.6875,-10.6425,7.0125,0
-1.8028339,-3.3901896,6.1638722,-21.92853,-50.491245,-0.2556471,-3.110373,-0.007941248,0,15.764999,-11.6325,5.745,0
-1.5275006,-14.94341,1.9416976,-21.928547,-50.49115,0.31673363,-3.4322991,-1.7617353,0,15,-11.82,8.6925,0
2.0602105,-15.0822735,4.4113164,-21.928549,-50.49114,-1.1438452,-0.68462723,-2.434298,0,11.4675,-11.1825,12.5625,0
8.779537,-9.297882,3.430891,-21.92854,-50.4911,-0.3912592,0.46868637,-0.18570304,0,9.1125,-12.3375,14.3025,0
-0.11611878,-9.634268,-6.6427126,-21.929,-50.49183,0.22510384,-0.75793105,0.42210788,0,9.1575,-12.2625,13.0425,0
0.93134445,-6.405687,-5.249287,-21.929,-50.49183,0.91904676,3.2976034,1.1453724,0,13.9425,-12.9,6.4049997,0
0.20470424,-9.048885,6.1399302,-21.929005,-50.491943,0.32284227,2.378251,0.087964594,0,17.6475,-10.1475,-1.0575,0
3.2980127,-9.226056,12.01171,-21.92905,-50.492027,1.9007072,1.0160216,0.72143185,0,18.015,-8.4075,-8.55,0
14.942213,-22.28882,-7.752425,-21.929083,-50.491997,-0.655153,1.3501649,-0.30482176,0,17.414999,-8.1525,-10.59,0
-4.8255134,-1.6484078,4.1371803,-21.929064,-50.49191,1.5268577,-0.9088148,0.3744604,0,18.119999,-6.81,-10.545,0
1.7381904,-8.708909,-2.005144,-21.92905,-50.491898,-0.84879726,-3.246596,-1.3750577,0,18.359999,-6.9375,-7.77,0
0.16998832,-25.248055,3.2728736,-21.929039,-50.491886,-1.6698002,-0.17088956,-1.9028453,0,18.217499,-8.4375,2.385,0
8.821436,-11.862072,-2.3439236,-21.929024,-50.491882,-1.5012014,-0.92164296,-1.7348573,0,16.605,-10.282499,6.795,0
4.6698904,-9.19134,3.952827,-21.928976,-50.491856,0.18478674,1.9249891,0.27122417,0,12.9825,-12.5625,8.2575,0
2.3127987,-8.963891,-3.6966474,-21.928951,-50.491817,0.600786,1.6885842,0.56382865,0,13.665,-11.9175,7.935,0
-2.2050598,-14.220361,1.5011644,-21.928915,-50.49179,0.95203346,-0.90087354,0.68844515,0,18.9,-8.497499,-4.1025,0
-5.213374,-5.463568,1.6603789,-21.928888,-50.49178,-0.6435465,1.1168144,0.7281514,0,18.96,-8.9175,-4.2149997,0
-4.9883194,-3.70383,-0.45370123,-21.928871,-50.491776,-2.19209,-1.9356792,1.5522085,0,18.885,-8.9475,-2.2124999,0
1.0139444,-6.715736,4.7524905,-21.92885,-50.49178,-0.4633413,-2.897792,-0.8717047,0,18.27,-7.995,-6.5775,0
-1.0426749,-15.343242,3.2213984,-21.928833,-50.49178,-1.5512923,0.34895676,-0.96883225,0,14.07,-10.215,8.595,0
7.04015,-8.857349,-3.0681696,-21.928802,-50.491753,-0.2837469,-0.86483246,0.19608775,0,12.075,-11.6475,11.684999,0
2.3786395,-9.136273,2.6755204,-21.928793,-50.491726,1.0577132,1.5181528,0.52839845,0,8.122499,-9.224999,16.065,0
-0.15322891,-3.0825348,3.9312792,-21.928753,-50.4916,-0.07849618,4.059963,0.14966199,0,15.412499,-10.2074995,11.782499,0
-9.153033,-17.757793,-4.68665,-21.928747,-50.491585,-0.9978484,-3.2808046,1.2589933,0,12.5925,-10.0575,13.372499,0
-3.1016884,1.1013328,-0.93613285,-21.92872,-50.491512,1.7821994,0.6195701,2.0274618,0,4.62,-6.3224998,25.41,0
3.0011318,-5.517438,-0.51954174,-21.92869,-50.491467,0.5329799,-1.8513799,1.1808025,0,7.5,-7.1025,19.5,0
5.6766524,-5.5868697,2.1092918,-21.928673,-50.49146,0.24953845,4.0544653,0.59681535,0,3.06,-6.6524997,22.56,0
-1.2533646,-21.871033,-8.480263,-21.9286,-50.491436,-1.5103643,1.2646438,0.55771995,0,11.0175,-12.6449995,11.775,0
4.8961425,-14.219164,3.3051953,-21.928562,-50.491425,0.4718934,4.311029,0.6261369,0,-0.29999998,-14.099999,13.702499,0
5.865794,-13.676877,5.151125,-21.92855,-50.49142,-1.25319,2.3220515,-0.50335294,0,-0.29999998,-14.4,9.0975,0
1.5861586,-6.8103065,-5.9531827,-21.92854,-50.491417,-0.40225476,-0.9106474,-0.19486602,0,-14.5875,-14.0175,1.3575,0
0.34596214,3.0550013,-7.753622,-21.92853,-50.49141,-3.995975,-7.795099,0.0061086523,0,-8.445,-21.5325,14.4225,0
19.912575,-31.55917,0.5805939,-21.92852,-50.491405,-0.3894266,1.1052079,-0.172264,0,9.405,-12.8925,13.755,0
-3.8402996,-2.1643584,5.4049106,-21.928505,-50.491394,1.1859949,-0.9430232,0.17531833,0,8.617499,-13.6725,15.367499,0
2.8550856,-5.531803,-0.4285621,-21.9285,-50.491386,-0.77304995,-2.3119721,-1.5503759,0,0.98249996,-16.5825,13.4325,0
-0.010773907,-17.3005,4.4125137,-21.928495,-50.49138,-1.3093897,-0.6113234,-2.039679,0,-6.975,-15.315,15.3075,0
9.390059,-9.536105,1.3706805,-21.9285,-50.491352,-0.06627888,0.31719178,0.27672195,0,-5.8424997,-13.125,17.467499,0
5.961562,-9.623494,-3.4883518,-21.928505,-50.491337,0.063224554,3.7728565,0.5039638,0,-4.47,-10.469999,17.5425,0
0.059855044,-14.96376,1.258153,-21.928509,-50.49133,1.7993035,-0.9308059,0.57360244,0,6.12,-12.6825,16.005,0
7.5788455,-11.921927,12.731168,-21.928518,-50.491314,1.919644,4.250553,0.70005155,0,13.987499,-12.157499,12.165,0
3.122039,-8.76637,-14.705187,-21.928526,-50.49126,0.0571159,-0.5991061,-1.636508,0,18.4725,-9.9225,8.22,0
-0.1592144,-8.60117,0.89064306,-21.928534,-50.49123,-0.4810564,-2.5807528,-0.5198463,0,12.78,-11.175,16.395,0
1.7776948,-15.357607,4.674679,-21.928537,-50.491215,-0.5751296,-1.2954924,-2.4770586,0,6.2774997,-12.255,19.26,0
7.905654,-7.9667063,3.3183637,-21.928541,-50.4912,-0.1328632,0.8901834,0.26511553,0,-2.0625,-11.82,27.0675,0
-0.1400608,-9.982624,-0.78050977,-21.928545,-50.491184,1.058324,1.4943291,1.676825,0,-1.8299999,-10.8525,22.477499,0
-0.4333505,-8.396465,0.094570965,-21.928547,-50.491165,0.42180246,0.1693624,1.3054191,0,9.3975,-17.4975,11.197499,0
14.129381,-9.97185,7.7129207,-21.928547,-50.491123,-1.4957036,2.2127066,-0.93523467,0,14.1449995,-4.2075,16.92,0
3.1747115,4.465186,9.443929,-21.928545,-50.491108,0.44806966,-0.7787005,-0.2144137,208,-15.8025,-4.5,17.797499,0
-0.49200845,4.1802764,9.543288,-21.928537,-50.491096,0.48716503,0.3678936,-0.062308256,308,-23.4975,-2.3999999,8.3025,0
-1.1719618,4.3873744,8.312668,-21.928535,-50.491093,0.13530666,-0.117744274,0.057421334,364,-23.797499,-2.1975,7.5,0
-0.89184016,4.6471453,8.283937,-21.928534,-50.491085,-0.006414085,-0.008399397,0.021380283,353,-23.1975,-1.8974999,8.9025,0
-0.90620536,4.712986,8.090008,-21.928534,-50.491085,0.025350908,0.05085453,-0.018325957,364,-23.4,-2.3999999,8.7,0
8.807071,1.1947067,-2.6850972,-21.92842,-50.491146,0.37293324,-0.09819659,-0.21563543,0,-6.3975,15.5025,-12.3,2
6.8318543,1.7717092,-6.491878,-21.92842,-50.491146,0.19211712,0.1375974,-0.14049901,0,-7.1025,16.7025,-6.8999996,2
7.253234,1.4496891,-6.9012866,-21.92842,-50.491146,0.009468411,0.0154243475,-0.002443461,0,-6.6974998,16.102499,-7.7999997,2
7.2065473,1.4425066,-6.9108634,-21.92842,-50.491146,-0.005192355,-0.0096211275,0.01160644,0,-6.6974998,16.297499,-7.8975,2
7.2113357,1.3934253,-6.939594,-21.92842,-50.491146,0.0041996986,0.007406741,-0.007254025,0,-6.8025,16.199999,-7.8975,2
7.2125325,1.4413095,-6.896498,-21.92842,-50.491146,0.006032294,0.00496328,-0.002977968,0,-6.8999996,16.199999,-8.099999,2
7.1885905,1.4520833,-6.919243,-21.92842,-50.491146,-0.005955936,-0.0092393365,0.0061850105,0,-6.6974998,16.297499,-8.0025,2
7.2125325,1.4556746,-6.8988924,-21.92842,-50.491146,0.004046982,0.005497787,-0.0025198192,0,-6.8025,16.199999,-7.8975,2
7.1945763,1.4077905,-6.8881183,-21.92842,-50.491146,0.00038179077,0.0012217305,-0.0061850105,0,-6.6974998,16.199999,-8.099999,2
7.1431007,1.4065934,-6.9240313,-21.92842,-50.491146,-0.0018325958,-0.00076358154,0.00022907447,0,-6.8025,16.297499,-8.1975,2
7.1981673,1.4197617,-6.9108634,-21.92842,-50.491146,0.0045051314,0.0033597588,-0.0035888334,0,-6.8999996,16.297499,-7.7025,2
7.177817,1.4065934,-6.9108634,-21.92842,-50.491146,-0.0025198192,-0.0021380284,-0.00030543262,0,-6.9975,16.297499,-8.0025,2
7.1730285,1.4030021,-6.9288197,-21.92842,-50.491146,0.00038179077,-0.0041233404,0.0030543262,0,-6.6974998,16.297499,-8.099999,2
7.192182,1.3814543,-6.9132576,-21.92842,-50.491146,0.0018325958,0.005421429,-0.0061086523,0,-6.8025,16.297499,-7.7025,2
7.217321,1.4341269,-6.8905125,-21.92842,-50.491146,0.0036651916,0.0017562376,-0.0012217305,0,-6.8999996,16.297499,-7.7025,2
7.201759,1.411382,-6.918046,-21.92842,-50.491146,-0.0046578473,-0.0052687125,0.0047342055,0,-6.6974998,16.297499,-7.8975,2
7.132327,1.3874398,-6.9228344,-21.92842,-50.491146,0.0025961774,0.0055741454,-0.006414085,0,-6.8999996,16.297499,-7.7999997,2
7.180211,1.4149733,-6.8929067,-21.92842,-50.491146,-0.00015271631,-0.0021380284,0.0016798794,0,-6.8025,16.199999,-7.7025,2
7.1730285,1.4149733,-6.921637,-21.92842,-50.491146,-0.0056505036,-0.006414085,0.0053450707,0,-6.8999996,16.199999,-7.7999997,2
7.1861963,1.4089876,-6.918046,-21.92842,-50.491146,0.0050396384,0.004886922,-0.0053450707,0,-6.6,16.199999,-7.7025,2
7.2149267,1.3874398,-6.8881183,-21.92842,-50.491146,0.007483099,0.004428773,0.01160644,0,-6.6974998,16.297499,-7.7999997,2
6.8761473,0.21547815,-6.885724,-21.92842,-50.491146,0.02275473,0.17608191,-0.12217305,0,-6.6974998,15.997499,-8.9025,2
8.559271,2.5629928,-5.139154,-21.928453,-50.491154,-0.14645495,0.31902438,0.45142943,0,-8.1975,16.5975,-8.099999,2
10.04607,0.7553706,-4.152743,-21.928453,-50.491154,0.08445212,-0.10430524,-0.05009095,0,-5.9024997,13.702499,-14.497499,2
11.026496,-0.36631286,-1.3132197,-21.928453,-50.491154,0.08078693,-0.28023443,-0.1142318,0,-0.9975,12.9,-16.102499,2
6.525397,1.3611037,-1.5406688,-21.928453,-50.491154,0.82359904,-0.74265945,-1.9547688,0,-1.2674999,11.4,-17.6925,2
12.151771,2.9520507,3.5458126,-21.928453,-50.491154,-0.64919704,-0.65041876,-0.40561453,0,7.1025,9.5025,-16.8,2
10.065224,-0.19871874,2.007538,-21.928453,-50.491154,-0.13057245,-0.13118331,-0.100792766,0,7.7999997,9,-16.5,2
9.829395,1.3838485,3.4811692,-21.92844,-50.49115,1.3025174,-1.297325,-0.48197266,0,7.7999997,9.6975,-15.697499,2
8.4587145,3.4955344,-3.3243492,-21.92844,-50.49115,0.5169447,-0.34315357,-0.14049901,0,-5.7,5.1,-20.699999,2
4.757279,-0.79367787,-5.6443305,-21.92844,-50.49115,-1.2954924,1.9769126,0.044593163,0,-9.1725,8.0325,-17.182499,2
9.271546,3.4404678,-2.2828712,-21.92844,-50.49115,-0.2264783,0.40515637,-0.17837265,0,-3.6,12.697499,-17.1,2
11.963826,0.6607997,-1.8974048,-21.92844,-50.49115,0.063682705,-0.16539176,0.044593163,0,1.4024999,14.3025,-15.3975,2
10.135853,0.37588966,-1.4975731,-21.928427,-50.49115,0.033750303,0.03680463,-0.1160644,0,2.3999999,13.8975,-15.8025,2
10.764331,1.9764135,-1.7166426,-21.928427,-50.49115,1.6030631,0.52855116,-1.2675453,0,0,12.599999,-17.1,2
6.88333,-1.3850456,-1.2318168,-21.928427,-50.49115,0.6702719,0.1553125,1.6438384,0,5.415,13.32,-14.5199995,2
10.087969,-0.022744916,-1.1073183,-21.928427,-50.49115,-0.27168232,0.18402316,0.5290093,0,6.8025,12.5025,-14.497499,2
9.949105,-0.07182605,-0.7062895,-21.928427,-50.49115,-0.008399397,-0.0041233404,0.002443461,0,7.2,12.202499,-14.4,2
9.998186,-0.06943185,-0.6679823,-21.928427,-50.49114,0.005497787,-0.0092393365,-0.0047342055,0,7.1025,12.3,-14.197499,2
10.007763,-0.06703765,-0.6751649,-21.928427,-50.49114,0.0006872234,0.0023671028,0.0005345071,0,7.2,12.0975,-14.497499,2
9.986216,-0.05865794,-0.62728083,-21.928427,-50.49114,-0.0005345071,-0.0022143866,0.00030543262,0,7.2,12.3,-14.099999,2
9.987412,-0.093373865,-0.65242,-21.928427,-50.49114,0.0008399397,0.00015271631,-0.00045814895,0,7.2974997,12.202499,-14.497499,2
9.969456,-0.059855044,-0.6775591,-21.928427,-50.49114,0.0011453723,0.004352415,-0.0012217305,0,7.4024997,12.3,-14.197499,2
9.961076,-0.047884032,-0.61530983,-21.928425,-50.491135,-0.0008399397,-0.004428773,0.0012980887,0,7.5,12,-14.099999,2
9.995792,-0.090979666,-0.641646,-21.928425,-50.491135,0.000992656,-0.00038179077,-0.00076358154,0,7.4024997,12.202499,-14.497499,2
10.012551,-0.06584055,-0.6596026,-21.928425,-50.491135,-0.0008399397,0.0026725354,0.0010690142,0,7.4024997,12.0975,-14.497499,2
10.030508,-0.077811554,-0.5793968,-21.928425,-50.491135,-0.008781188,-0.013209961,0.0047342055,0,7.4024997,12.202499,-14.497499,2
10.035296,-0.08379706,-0.60693014,-21.928425,-50.491135,-0.009392053,-0.0016035213,0.0022907446,0,7.4024997,12.202499,-14.497499,2
9.964667,-0.073023155,-0.61530983,-21.928423,-50.491146,0.003436117,0.0051159966,-0.00076358154,0,7.5975,12.0975,-14.497499,2
9.94312,-0.08619126,-0.59495914,-21.928423,-50.491146,0.0041996986,0.0032834008,0.0027488936,0,7.5975,12,-14.6025,2
9.986216,-0.06703765,-0.60573304,-21.928423,-50.491146,0.0041996986,-0.0028252518,0.0027488936,0,7.5,12.0975,-14.497499,2
9.970653,-0.077811554,-0.58657944,-21.928423,-50.491146,0.0017562376,0.0026725354,0.0015271631,0,7.5975,12.202499,-14.4,2
9.989806,-0.08020575,-0.5758055,-21.928423,-50.491146,0.0016798794,0.0013744468,-0.00061086525,0,7.5,12.202499,-14.497499,2
9.994595,-0.08140286,-0.5781997,-21.928432,-50.49115,-0.00022907447,-0.00076358154,-7.6358156E-05,0,7.5,12.0975,-14.497499,2
10.000581,-0.061052144,-0.56982,-21.928432,-50.49115,-0.0027488936,0.0008399397,-0.0030543262,0,7.5975,12.202499,-14.3025,2
9.90601,0.04189853,-0.4369418,-21.928432,-50.49115,0.062002823,0.1614975,-0.11728613,0,7.5,12.202499,-14.3025,2
7.4351935,3.1124623,-0.022744916,-21.928432,-50.49115,-0.79198676,0.340481,0.37934732,0,4.7025,14.497499,-13.5,2
9.252393,5.9052987,-10.2974615,-21.928432,-50.49115,1.0283916,-4.2080216,1.7318029,0,4.2,15.997499,-13.2975,2
9.599552,2.2948422,-1.22224,-21.928446,-50.491154,-0.03940081,0.05215262,0.95356065,0,7.5,10.5975,-16.5975,2
9.920375,-2.2720973,0.35434186,-21.928446,-50.491154,0.057726767,-0.0022143866,-0.029932396,0,12.0975,7.8975,-15.202499,2
9.763555,-1.8219875,0.45489833,-21.928446,-50.491154,0.016187929,-0.0046578473,-0.002443461,0,11.9025,7.8975,-15.0975,2
9.840169,-1.8626889,0.51714754,-21.928446,-50.491154,-0.006948592,-0.001450805,0.0047342055,0,12,7.8975,-15.299999,2
9.859323,-1.839944,0.5267244,-21.928446,-50.491154,-0.0032834008,-0.0026725354,0.0022907446,0,12.0975,7.7999997,-15.202499,2
9.834184,-1.8255788,0.51595044,-21.928448,-50.491158,-0.00061086525,-0.0012980887,-0.0010690142,0,12.0975,7.7999997,-15.3975,2
9.837775,-1.8579005,0.38307226,-21.928448,-50.491158,0.055283304,0.040317107,-0.058566704,0,12,7.8975,-15.5025,2
10.127473,-1.0019734,0.11133038,-21.928448,-50.491158,-0.13775012,-0.18448131,-0.7219664,0,11.3025,8.6025,-15.697499,2
8.009802,2.6300306,0.23343466,-21.928448,-50.491158,-0.071776666,0.3408628,0.008017606,0,7.8975,11.0025,-16.4025,2
9.876082,2.2301989,0.52073884,-21.928448,-50.491158,-0.011301007,-0.028099801,0.021456642,0,8.7975,10.8975,-15.3975,2
10.061633,1.697489,0.4381389,-21.928434,-50.49115,0.04184427,0.017715093,-0.02069306,0,9.202499,10.702499,-15.599999,2
9.85214,1.5239093,0.36032736,-21.928438,-50.491146,0.0015271631,0.01282817,0.0031306844,0,9.3975,10.5975,-15.299999,2
9.764751,1.5514427,-0.02873042,-21.928438,-50.491146,0.14920384,0.049021937,-0.2322815,0,8.6025,10.8,-15.8025,2
5.681441,7.884106,-1.5693992,-21.928438,-50.491146,1.1198688,-0.45372015,0.27107146,0,-2.3474998,10.304999,-17.6475,2
13.578715,-5.9064956,0.015562311,-21.928438,-50.491146,0.5340489,0.6049093,1.4952455,0,-0.75,-13.259999,-10.83,2
-1.6771383,-9.431957,-0.6512229,-21.928442,-50.491142,-0.04444045,-0.12507465,-0.1742493,0,-7.2974997,-9.0975,-15.997499,2
-2.6431987,-8.696938,2.1308396,-21.928442,-50.491142,0.93599826,-0.83062404,0.8135198,0,0.29999998,-7.5975,-18.3975,2
-1.8890251,-9.4295635,-0.12449849,-21.928442,-50.491142,0.10644327,-0.2845105,-0.09911288,0,-0.0975,-10.702499,-15.8025,2
-1.1336545,-9.574412,1.3491327,-21.928442,-50.491142,0.07223482,-0.07742717,-0.089949906,0,-2.9025,-10.2975,-16.102499,2
-1.1288661,-9.636662,1.3874398,-21.928442,-50.491142,-0.020005837,-0.046883907,0.031612277,0,-4.2975,-10.5975,-15.5025,2
-1.1767502,-9.688137,1.2054806,-21.928427,-50.491146,-0.011453724,0.025198191,-0.011759156,0,-4.2975,-10.5,-15.697499,2
-1.1264719,-9.655815,1.2294226,-21.928427,-50.491146,-0.00045814895,0.014202617,-0.0050396384,0,-3.8025,-10.5,-15.8025,2
-1.1659763,-9.679757,1.2306197,-21.928427,-50.491146,0.014813482,0.044745877,-0.025809057,0,-3.6975,-10.702499,-15.8025,2
-0.8439561,-9.720459,1.4089876,-21.928427,-50.491146,0.012370021,0.006872234,-0.04718934,0,-3.0974998,-10.8,-15.697499,2
-0.6691794,-9.642648,1.7992426,-21.928427,-50.491146,0.1339322,-0.01817324,-0.22250767,0,-2.4975,-11.9025,-14.7975,2
0.973243,-9.428367,2.6312277,-21.928417,-50.49115,-0.010231993,0.05024367,-0.101556346,0,1.7025,-12.3,-13.5,2
4.368221,-7.2065473,2.967613,-21.928417,-50.49115,1.6928604,2.2670736,-0.5377141,0,2.7975,-11.197499,-14.099999,2
0.8619126,-7.8649526,0.2765303,-21.928417,-50.49115,0.6055202,-0.84528476,0.40485093,0,9.3,-5.4975,-15.202499,2
4.280833,-9.300277,1.3611037,-21.928417,-50.49115,-0.12751812,0.42531493,0.34376442,0,7.2,-10.5,-11.4,2
5.6419363,-7.050924,-1.0247183,-21.928417,-50.49115,-0.47510046,-1.5795448,-0.025809057,0,9,-5.7,-15.697499,2
1.6112977,-9.848549,0.40462008,-21.928411,-50.491146,0.04718934,-0.024892759,0.07803804,0,5.1974998,-10.2,-15.299999,2
1.0785879,-9.879673,0.36750996,-21.928411,-50.491146,0.016646078,0.030695979,0.03283401,0,5.0025,-10.5975,-14.902499,2
1.2366052,-9.813833,0.272939,-21.928411,-50.491146,0.01786781,-0.07192938,0.0346666,0,5.0025,-10.8,-15,2
1.1133038,-9.807847,0.4321534,-21.928411,-50.491146,0.0154243475,-0.031612277,0.007788532,0,4.4024997,-11.0025,-14.6025,2
2.4229321,-9.707291,0.12449849,-21.928411,-50.491146,-0.06337727,-0.9613492,-0.22128594,0,3.0974998,-9.997499,-16.5,2
3.7792473,-8.488642,-1.6280571,-21.928421,-50.49115,0.88163126,-1.7432567,-0.7496844,0,-10.7925,-13.4625,-7.4024997,2
3.2154129,-9.3421755,1.5837644,-21.928421,-50.49115,0.34529158,0.50228393,0.1244638,0,-12.9,-13.5975,7.2,2
2.2266076,-6.5265937,2.743755,-21.928421,-50.49115,-0.1085813,2.5321891,-0.07284568,0,4.2599998,-9.2325,-16.56,2
2.9245174,-9.490616,1.6340426,-21.928421,-50.49115,0.11560625,0.09117164,0.92347556,0,17.1,-7.1025,-11.3025,2
1.7190368,-9.847352,0.78050977,-21.928421,-50.49115,-0.0035124752,-0.13423763,-0.049632803,0,16.297499,-9,-11.6025,2
3.8414967,-9.445126,-0.17956513,-21.928436,-50.49115,0.16752979,-1.0584768,-0.16691893,0,12.3,-9.0975,-14.3025,2
2.2637177,-9.284714,-0.94211835,-21.928438,-50.491146,0.79244494,-0.6107125,0.2350304,0,1.0275,-10.747499,-15.57,2
4.0797195,-8.893262,1.5215151,-21.928438,-50.491146,0.00015271631,-1.2637274,-0.70203686,0,-1.5,-12.3975,-13.799999,2
5.3833623,-7.33344,0.7565677,-21.928438,-50.491146,0.8248208,0.35995236,-0.09728029,0,1.5,-9.997499,-16.8,2
-1.5693992,-8.529344,0.6775591,-21.928438,-50.491146,0.70203686,0.7680103,0.36086863,0,4.8975,-7.5,-17.3025,2
9.508572,-0.61171854,-7.9032598,-21.928438,-50.491146,-1.3712398,0.13026701,-0.09850202,0,3.2324998,10.2,-16.38,2
6.977901,5.1906295,1.0283096,-21.928436,-50.491146,-0.49831334,0.3923282,0.5520695,0,7.8975,9.6975,-15.8025,2
10.117896,1.7178397,-1.1192893,-21.928436,-50.491146,0.02397646,-0.053603426,-0.075289145,0,9.3,9.0975,-15.299999,2
9.721656,1.9117701,-1.0618285,-21.928436,-50.491146,-0.007788532,-0.008399397,0.0047342055,0,9.3975,9.202499,-15.202499,2
9.817424,1.8124107,-1.1025299,-21.928436,-50.491146,-0.00290161,-0.010231993,-0.0013744468,0,9.3975,9.3,-15.3975,2
9.7719345,1.8207904,-1.0654198,-21.928436,-50.491146,-0.0012217305,-0.0012217305,-0.007788532,0,9.5025,9.202499,-15.3975,2
9.779117,1.8495208,-1.0761937,-21.928432,-50.49115,-0.004886922,-0.01038471,-0.0041233404,0,9.5025,9.202499,-15.5025,2
9.744401,1.8938135,-1.0378864,-21.928432,-50.49115,0.0032834008,0.00908662,0.004428773,0,9.3975,9.3,-15.202499,2
9.738416,1.8974048,-1.0151415,-21.928432,-50.49115,-0.013820826,-0.022067508,0.016035212,0,9.5025,9.3,-15.202499,2
10.00896,1.7310078,-0.92775315,-21.928432,-50.49115,0.022220224,-0.02939789,-0.024281893,0,9.3975,9.3,-15.599999,2
10.105926,1.7070658,-0.93134445,-21.928432,-50.49115,-0.03153592,-0.04589125,0.0056505036,0,9.5025,9.3,-15.5025,2
6.6630635,5.0362034,-1.5107412,-21.928432,-50.491154,-1.0076985,0.7567857,0.5841399,0,9.3975,10.2,-14.7,2
13.103466,-1.4568717,1.6531962,-21.92843,-50.491154,1.931785,-1.4863116,0.8541423,0,12.03,-0.81,-14.174999,2
0.58897364,-6.090849,-0.6392518,-21.92843,-50.491154,-0.6277404,-0.4197408,2.9604056,0,-2.6325,-10.867499,-16.59,2
3.2070332,-12.210428,1.8543092,-21.92843,-50.491154,-2.1500165,-0.1381319,-2.1250474,0,4.7774997,-10.995,-15.3075,2
5.1223946,-9.350554,-0.5231331,-21.92843,-50.491154,-0.9356165,1.2546408,-0.42012256,0,8.2125,-11.0475,-12.2625,2
0.20470424,-10.176555,-0.9672575,-21.928429,-50.491154,0.03504839,-0.3403283,0.1553125,0,9.9,-10.8,-10.8975,2
0.7517793,-9.88925,-1.3862427,-21.928429,-50.491154,-0.010155635,0.015195273,-0.0096211275,0,10.1025,-10.8975,-11.0025,2
1.7657237,-9.020155,-2.778471,-21.928429,-50.491154,-0.24228443,-1.0446559,-0.18555032,0,9.5025,-9.9,-11.3025,2
0.33758244,-9.546879,0.37110126,-21.928429,-50.491154,0.09002627,-0.8290205,0.044745877,0,-3.6975,-15.997499,-5.3025,2
1.6950948,-9.682152,0.7422025,-21.928429,-50.49115,0.04665483,0.028023442,-0.01817324,0,-4.5,-16.5,-3.9975,2
1.7226281,-9.916783,0.7565677,-21.928427,-50.49115,-0.07002043,0.44585526,-0.018784106,0,-4.4024997,-16.5975,-4.8975,2
2.6659436,-9.40203,-2.980781,-21.928427,-50.49115,0.18715385,-1.8662697,-0.9289733,0,-12.84,-15.742499,-6.2325,2
2.3678656,-9.020155,2.4768016,-21.928427,-50.49115,0.091248,-0.017180584,0.47601673,0,-13.8975,-16.199999,3.5024998,2
3.1172507,-8.762778,0.0011971008,-21.928425,-50.49115,0.5958227,1.9198731,-0.0926988,0,-13.5,-17.3025,3.8025,2
2.6527755,-9.865308,1.7932571,-21.928425,-50.49115,0.20853412,0.96142554,-0.13057245,0,-11.7975,-13.8975,12.0975,2
5.379771,-7.952341,-5.1798553,-21.928425,-50.49115,-0.19585867,-1.5052483,0.0013744468,0,-9.6975,-17.0025,3.9975,2
2.3702598,-9.950302,0.049081136,-21.928423,-50.491154,0.08208502,1.1959978,-0.0035124752,0,-15.0975,-13.702499,5.4,2
4.584896,-7.8613615,-2.7030537,-21.928423,-50.491154,-0.052916203,0.13492486,-0.24419338,0,-12.0975,-17.699999,7.8975,2
2.777274,-9.355343,-0.22385786,-21.928423,-50.491158,0.11323915,-0.43928847,0.30069843,0,-15.997499,-13.702499,11.4,2
0.41299978,-8.555679,0.545878,-21.928448,-50.491135,0.023441954,-1.3232105,0.7796168,0,-8.3925,-17.4,15,2
3.550601,-8.318654,3.4823663,-21.928467,-50.491066,1.061302,-2.344577,-0.8910997,0,5.5125,-13.372499,20.557499,2
-1.270124,-11.798626,2.1260512,-21.928467,-50.491066,0.22502749,-1.4105642,0.28725937,0,3.2549999,-13.38,20.3025,2
-12.25951,-13.144167,-3.5924997,-21.928425,-50.491158,-0.40538543,-0.014126259,0.73807794,0,14.032499,-8.6925,20.58,2
-6.2991447,-6.315904,1.22224,-21.92845,-50.49113,1.7644079,1.3572662,1.1919508,0,5.3775,-16.387499,15.3825,2
11.510124,-10.830172,-8.066066,-21.928455,-50.491108,1.4369842,-1.4692073,-0.20815234,0,17.797499,-10.8,10.5975,2
5.12838,-1.8590976,-0.7673417,-21.928478,-50.491016,0.40889794,2.5447884,1.2017246,0,18.15,-6,13.485,2
7.5680714,-10.17416,-2.4588451,-21.928484,-50.491,-1.2508229,-0.33971745,-1.0175488,173,12.705,-6.8174996,15.33,2
7.466318,-7.062895,-1.5658079,-21.92849,-50.49099,-1.028468,-1.2639565,-0.0035124752,248,12.945,-1.545,15.375,2
10.128671,-5.4444146,-1.0941502,-21.928493,-50.490986,-2.3827562,1.6174948,-0.744492,269,6.6974998,-5.1974998,17.67,2
4.745308,5.213374,8.815451,-21.928493,-50.490982,0.3563635,0.92843884,-1.3498595,269,-14.7,4.7025,12.3975,2
1.1599907,1.3934253,9.272743,-21.928476,-50.49098,0.075976364,0.029245174,-0.862389,191,-15.464999,-5.6625,9.315,1
4.9799395,2.184709,9.739613,-21.928476,-50.49098,0.27634016,0.15935947,-0.8367327,182,-11.3025,-4.7999997,13.2975,1
19.531897,-4.4807487,-1.1552023,-21.928497,-50.49092,1.3203089,0.81665045,-1.6125315,124,4.9575,-2.205,15.224999,1
22.036232,-19.123686,-10.141838,-21.928501,-50.490902,-0.2777146,-0.40569088,0.4625777,0,2.37,-9.4725,10.665,1
-3.551798,5.4192758,-0.48841715,-21.928518,-50.49087,2.4559073,1.9968421,0.36300668,0,-4.9575,-4.0875,15.03,1
14.4214735,-0.5506664,5.683835,-21.928526,-50.490845,-0.9191231,2.25646,-0.100029185,0,1.665,-6.2925,14.115,1
-0.93972415,-8.652645,0.24540567,-21.92854,-50.490814,1.2299008,2.7329347,4.5981355,0,4.11,-8.639999,11.94,1
-10.97502,-24.33706,-14.107834,-21.928555,-50.490788,6.4283643,-0.9884563,-2.5960245,0,-7.1475,-3.7875,14.415,1
5.6239796,1.3239936,-0.30645782,-21.928574,-50.490753,-5.0198617,3.7469711,-11.023521,0,-1.3125,-7.7174997,12.09,1
-4.1359835,5.410896,3.642778,-21.92859,-50.490723,2.1736877,4.0438514,-0.04138612,0,-5.7,-1.125,16.56,1
9.518148,4.3861775,-6.9958572,-21.928614,-50.49069,-1.2331078,-2.449646,-4.1292963,0,-6.8475,-11.452499,8.2725,1
-5.3737855,0.5410896,-8.173804,-21.92863,-50.49067,0.091858864,-2.5565474,2.0105102,0,-13.785,-6.7124996,10.514999,1
4.9344497,-3.4464533,-11.903971,-21.928654,-50.490646,-0.1689806,2.9064205,0.6824892,0,-15.42,-8.452499,9.952499,1
-8.672996,-7.9427643,10.588357,-21.928682,-50.490616,-2.8494573,-0.9157634,5.4912205,0,-13.83,-10.469999,6.375,1
3.2082303,-10.696096,5.3007627,-21.928705,-50.49059,-1.4432455,-0.65736735,-0.16050485,0,-5.7599998,-9.412499,10.8075,1
-9.504981,-11.365275,18.375498,-21.928722,-50.490566,-0.5080108,-2.0244837,4.7050366,0,-4.515,-11.205,9.03,1
-11.21085,-20.384233,8.696938,-21.92874,-50.490536,-0.089568116,11.146381,-3.7823248,0,-14.67,-3.2324998,11.0025,1
28.107927,-39.221813,-1.0295067,-21.928751,-50.490505,1.1981359,-0.33483052,-1.64674,0,-6.045,-8.0025,12.8025,1
0.7266402,1.6124948,14.220361,-21.928759,-50.490486,5.060637,1.6400968,-0.22525656,0,-7.875,-4.7174997,15.0525,1
13.722367,1.7776948,-0.5722142,-21.92877,-50.490456,-1.2239449,0.6443865,-0.6094908,0,-4.6425,-8.4825,11.7225,1
-11.101913,-10.473435,15.388731,-21.928782,-50.490425,-0.70898545,-3.5217144,4.9322786,0,-2.3775,-7.6425,13.545,1
-1.8974048,-20.719421,8.376115,-21.928791,-50.490395,3.7185657,7.2435637,-3.2716415,0,-9.915,-2.8725,14.384999,1
38.441303,-17.671602,11.803414,-21.928795,-50.490376,0.23846652,3.7707949,-2.5117252,0,-1.14,-5.5499997,13.9425,1
5.279215,3.5733461,10.457873,-21.9288,-50.490345,-0.1952478,3.1385493,-2.3803892,0,-4.3275,-5.4224997,14.947499,1
18.130093,0.5566519,-5.1786585,-21.928802,-50.490307,-0.43898302,-0.025732698,0.22495113,0,-0.39749998,-4.9125,15.3825,1
-2.5115175,-8.876503,0.973243,-21.928804,-50.490273,1.9617174,2.3792439,5.58285,0,4.9575,-7.245,11.947499,1
-33.59065,-38.006756,-35.298912,-21.928802,-50.490227,4.8676033,1.2693017,-0.8556695,0,-3.81,-3.0825,15.3525,1
5.1642933,1.2437878,0.12808979,-21.928791,-50.490192,-2.3589325,4.2069526,-12.919036,0,13.755,-2.58,9.247499,1
-3.8367083,0.60693014,-10.0341,-21.928759,-50.490158,1.6953801,0.3102432,-0.48243082,0,14.0025,-6.2999997,4.815,1
4.19943,-17.733852,-17.711107,-21.928722,-50.49014,-1.6014596,1.4458417,0.97142845,0,19.8975,-1.89,-1.785,1
-2.695871,-6.575675,-6.4763155,-21.928682,-50.49013,1.5408312,1.7952566,5.252983,0,16.26,-3.57,-13.995,1
-5.5964465,-18.589779,2.730587,-21.928652,-50.49013,-1.1866821,5.469611,-2.6137397,0,15.525,-12.8775,5.8125,1
16.274586,-39.221813,17.585411,-21.92862,-50.490135,1.9458349,-6.9364514,0.9775371,0,19.6575,-7.725,-7.77,1
-23.97314,-34.293346,33.172863,-21.928598,-50.490143,7.3477163,3.1110604,-0.6986771,0,17.414999,-15.839999,-1.5375,1
39.221813,-32.564735,3.7732618,-21.92857,-50.490158,0.5475643,-1.701336,-0.8361218,0,19.08,-7.365,-12.2625,1
-0.29448682,-0.878672,5.771223,-21.92854,-50.49018,1.1437688,-1.1491139,1.1980594,0,17.887499,-14.1075,-6.1425,1
6.384139,3.1986535,-7.5106106,-21.928495,-50.490234,-0.45486555,-6.9425597,-6.869638,0,18.727499,-3.9824998,-13.485,1
3.4691982,4.6603136,-3.063381,-21.928473,-50.490265,0.7589237,2.4042892,-0.4830417,0,11.0025,-15.78,-14.827499,1
20.462046,-4.060566,-2.7521348,-21.928444,-50.4903,-1.0431287,0.8972847,-0.13973543,0,18.33,-8.1075,-12.0075,1
-12.625823,-6.157887,1.1947067,-21.92842,-50.490322,-1.9013945,-2.0348685,4.3617306,0,14.0175,-13.0275,-13.545,1
39.221813,-33.667263,-8.833407,-21.928389,-50.49034,-0.76335245,-0.5669593,2.5651758,0,15.585,-16.1475,-7.68,1
-1.0737995,-8.042124,-10.04607,-21.92836,-50.49035,0.8835402,2.677346,5.602398,0,15.855,-10.8525,-12.742499,1
-1.5765818,-30.583532,39.195477,-21.928337,-50.490353,-3.7089448,8.231333,-6.768845,0,16.365,-16.0425,3.1799998,1
-1.5310919,-39.221813,7.309498,-21.928299,-50.49036,2.1474204,-5.174105,2.287843,0,18.6,-10.4475,-9.21,1
-20.489578,-38.109707,39.195477,-21.928265,-50.490368,-0.9692141,1.0054078,3.7282634,0,17.984999,-14.4375,3.8999999,1
9.193734,-0.8643068,3.7924154,-21.928226,-50.490376,-3.5501196,5.4402895,-5.1134005,0,22.7775,-4.7774997,-3.855,1
1.9476831,-6.769605,-5.040992,-21.928207,-50.490383,7.8364086,1.6547576,0.5297729,0,20.2875,-12.322499,1.9575,1
5.506664,1.6244658,-2.2062569,-21.928179,-50.4904,-2.1414645,1.8270216,-13.586102,0,22.2225,-2.7749999,-7.3875,1
-0.6823475,6.155493,-2.1176715,-21.928144,-50.490425,1.369178,4.8874564,-1.206917,0,14.565,-16.672499,-7.125,1
12.947843,-1.1791444,-0.10534488,-21.928122,-50.490456,-1.0498483,2.2118666,0.18096884,0,21.502499,-4.2374997,-7.7475,1
-9.197326,-5.7999535,-1.6208745,-21.928104,-50.490486,-1.7999908,-6.5094566,1.5407549,0,9.195,-14.992499,-15.48,1
18.319235,-3.4883518,-0.6619968,-21.928095,-50.49052,-2.5971699,3.3517413,-1.188591,0,15.585,-4.8599997,-16.6275,1
-17.53992,-7.4136457,8.754398,-21.92809,-50.490555,-2.8897743,-5.0592623,4.4399214,0,0.5625,-12.1725,-20.4375,1
23.404518,-27.50459,-2.3008277,-21.928091,-50.49057,-0.48785225,-1.4148402,1.5566374,0,1.7025,-16.965,-15.9375,1
-0.9911995,-38.857895,11.010934,-21.92809,-50.490616,1.3441327,-4.129525,1.1082623,0,0.9525,-14.505,-18.7875,1
-4.795586,-9.166202,-10.577583,-21.928091,-50.49064,1.4235451,-2.4227679,2.9768991,0,-0.6375,-18.164999,-15.5925,1
9.787497,2.9831753,-6.0848637,-21.928097,-50.49069,-2.3638194,-4.7996445,-10.72603,0,8.684999,-13.3575,-16.6875,1
1.0989386,-0.088585466,-4.3526587,-21.9281,-50.490723,2.5866325,4.0841684,1.3055718,0,2.865,-15.412499,-18.045,1
14.20001,-16.92581,-3.1854854,-21.9281,-50.490734,-0.8989646,-0.013515393,-0.043218717,0,-0.7425,-17.385,-15.884999,1
-5.7855883,-7.335834,-1.9201498,-21.9281,-50.490772,0.20975585,0.69631004,5.2383223,0,1.29,-15.8025,-17.609999,1
-8.402451,-18.6221,5.5605335,-21.928102,-50.490803,3.9164863,4.271704,1.2096659,0,0.315,-18.4875,-14.1075,1
12.931084,-7.147889,7.6255326,-21.928108,-50.49084,-4.841489,2.8551078,-5.5428386,0,4.9649997,-14.1825,-18.404999,1
1.6927006,3.8522706,-2.136825,-21.92811,-50.490883,1.7992272,5.654703,-0.08109236,0,-0.5175,-15.577499,-18.2775,1
16.820463,-10.658986,-7.3466077,-21.928114,-50.49091,0.6892851,-2.1625392,1.8248072,0,-0.72749996,-17.0775,-16.89,1
1.4305356,-39.221813,9.697714,-21.928114,-50.490944,1.5139532,-4.0470586,-0.34865135,0,1.0799999,-15.1725,-17.9925,1
2.4468741,-0.35793316,-0.7661445,-21.928116,-50.490974,-0.285045,-1.2187525,-0.1470658,0,2.2725,-16.815,-16.425,1
13.551182,-3.8534677,-3.8295257,-21.928118,-50.491013,-0.14149167,2.4794257,-0.1385137,0,4.74,-14.264999,-18.09,1
-4.156334,-8.854955,1.4556746,-21.928118,-50.491043,-0.40721804,-0.37820193,5.238933,0,2.5725,-14.242499,-19.672499,1
-7.6363063,-16.847998,6.232107,-21.92812,-50.491074,1.9012417,-3.3207397,-0.8764389,0,0.885,-17.699999,-15.1275,1
10.836157,2.4744074,-2.445677,-21.928122,-50.491096,-3.181768,-2.8326585,-10.25994,0,7.7549996,-13.44,-17.557499,1
-4.509479,-0.35314476,-7.854179,-21.928123,-50.491116,-1.7584519,-0.9566913,3.058144,0,4.9725,-15.21,-18.15,1
9.992201,-20.657173,13.746309,-21.928131,-50.491158,0.8126798,0.6126215,3.4967453,0,1.6424999,-17.9175,-15.839999,1
31.531637,-29.264328,17.239449,-21.928135,-50.49118,0.50052774,3.1660383,-2.7188084,0,5.4,-14.3475,-17.31,1
1.8614918,3.003526,4.701015,-21.92814,-50.49121,0.01488984,2.1544454,0.47968194,0,1.035,-16.2075,-15.8025,1
14.602236,-2.6372132,-5.925649,-21.928148,-50.49124,1.0075458,1.6883552,0.5670357,0,4.065,-16.199999,-16.342499,1
-2.8981812,-11.343728,-1.4425066,-21.928152,-50.49127,1.2054662,-0.9133199,3.8119519,0,-1.365,-13.162499,-19.574999,1
-32.227154,-32.03442,-6.143522,-21.928154,-50.49128,1.7540232,-4.44351,-1.0786353,0,0.65999997,-17.4825,-15.4725,1
10.388441,2.7497406,-8.876503,-21.928158,-50.491318,-0.48418707,-3.170467,-4.053549,0,8.7375,-13.6725,-17.0325,1
-10.8182,-2.9580362,-1.5646108,-21.92816,-50.491337,-1.8732946,-2.494239,4.8754683,0,1.3874999,-14.872499,-17.82,1
5.494693,-28.02054,8.89446,-21.928164,-50.491375,1.6947693,6.399348,0.96959585,0,-0.60749996,-17.887499,-16.095,1
9.100361,-3.9875429,4.0414124,-21.928164,-50.491375,-3.8237875,3.2179618,-7.1652966,0,6.8174996,-13.987499,-18.42,1
1.0247183,0.7062895,-4.3861775,-21.928167,-50.491417,1.2867113,2.378022,2.4533875,0,3.9075,-14.775,-18.135,1
10.019734,-27.471071,-6.405687,-21.928507,-50.490902,0.43333253,2.6406941,4.1998515,0,-0.59999996,-17.9025,-15.855,1
6.2165446,1.0259154,-3.5458126,-21.9285,-50.490925,-1.9508746,-2.145435,-2.9900327,0,-0.86249995,-14.6775,-17.835,1
-0.521936,-7.7823524,-1.2306197,-21.928804,-50.49026,2.2213352,2.813569,2.827848,0,-12.554999,-14.1075,-15.3975,1
4.7297454,-4.238934,7.643489,-21.928526,-50.490196,6.342843,-2.1765893,-7.1158166,0,21.4275,1.8375,7.7549996,1
1.2617443,1.3024458,10.111911,-21.92811,-50.490845,-0.12194397,0.0011453723,-0.076816306,201,19.8975,2.6025,12,1
2.2337902,3.2441432,10.682928,-21.928165,-50.491413,0.29955304,0.37743837,-0.26740626,187,19.8,5.7,10.1025,1
-4.6136265,-0.09935937,8.152257,-21.928164,-50.491425,-0.085292056,-0.025732698,-0.12018774,203,12.5025,6.2025,17.1975,1
-0.4165911,3.2992098,5.8622026,-21.928164,-50.491432,0.8102364,0.09399689,1.6317738,203,12.952499,6.4275,16.455,1
-1.2569559,4.7381253,8.257602,-21.928164,-50.491436,0.033826664,0.3279583,-0.038331795,192,17.602499,3.3975,13.702499,1
-1.4568717,4.2640734,8.200141,-21.928165,-50.49144,-0.038255434,0.10804679,0.011148291,190,16.5975,4.2,14.7975,1

