Acc-1,Acc-2,Acc-3,Gps-1,Gps-2,Gyr-1,Gyr-2,Gyr-3,MagF-1,MagF-2,MagF-3,Class
3.5996823,-5.056554,0.89184016,-21.928194,-50.491936,-0.14126259,-2.3064744,-2.0791562,-12.66,-18.119999,-5.2275,0
1.2114661,-23.42008,-0.6392518,-21.928228,-50.49194,-0.95432425,0.13637567,-1.5141059,-11.9775,-17.58,0.7725,0
3.551798,-7.620744,1.0941502,-21.928307,-50.491955,-0.13515393,-0.69806623,-0.6924921,-15.3375,-15.795,4.83,0
1.2294226,-10.022128,2.2002714,-21.928328,-50.491966,1.1922562,1.9262109,0.36735907,-12.697499,-18.6,9.5025,0
13.2351465,-7.8469963,-0.7098808,-21.928354,-50.491974,-0.20723604,-0.86666507,-0.73097664,-13.5,-20.002499,8.1975,0
-3.2441432,-20.803219,-1.6675615,-21.92838,-50.49198,-0.6629415,-0.14340061,-1.1787409,-16.755,-15.6825,-2.7675,0
7.2783732,-10.44231,3.168726,-21.928427,-50.491974,-1.6629279,-1.0151054,-1.3797156,-18.8925,-14.759999,-0.69,0
0.81283146,-10.334572,-7.587225,-21.928442,-50.49197,-0.6079636,2.0373883,0.39790234,-20.505,-15.1725,-0.60749996,0
1.3323733,-5.7137623,1.3599066,-21.928455,-50.491966,2.8556423,-0.6724099,1.7283669,-20.8125,-15.0824995,6.0225,0
-0.4141969,-10.787076,1.6196774,-21.928467,-50.491962,1.1782063,0.07651087,1.5597681,-10.23,-17.4825,16.432499,0
4.7321396,-7.0808516,11.680113,-21.92849,-50.491955,0.19226983,1.7246253,0.76686496,-2.73,-18.285,15.3975,0
8.425196,-16.56189,-1.9021933,-21.928501,-50.49195,-1.3196217,2.2499695,2.5518131,1.8,-17.805,15.7575,0
-2.1380222,-3.0502129,2.870648,-21.928507,-50.49195,2.113441,-0.1873829,1.2781591,5.5125,-16.5375,17.205,0
1.5777789,-6.0728927,-0.090979666,-21.928522,-50.491955,-0.474795,-2.0853412,-2.080989,1.3125,-18.225,16.035,0
3.300407,-14.330494,4.6363716,-21.928549,-50.49195,-1.4912748,0.88712907,-5.1744103,1.4475,-16.477499,18.539999,0
7.2245035,-8.716091,6.841431,-21.92859,-50.49195,-0.4436409,0.6721045,0.52068627,-9.6975,-12.809999,19.2375,0
4.1096473,-9.576807,2.858677,-21.928598,-50.49195,1.727985,1.6904168,0.6343072,-15.855,-12.195,15.315,0
-1.543063,-9.508572,1.2413936,-21.928617,-50.49196,0.082924955,1.6299412,2.3166301,-15.3525,-18.1125,9.2699995,0
-11.951855,-23.148338,-13.3704195,-21.92864,-50.49197,0.064599,1.9359847,0.22014056,-10.8525,-21.307499,6.2774997,0
30.487764,-25.449167,-30.776266,-21.928665,-50.49198,-0.6097962,1.7924314,-0.7767915,-11.55,-18.5175,7.305,0
-1.7860745,-3.2980127,2.3139958,-21.92868,-50.49198,1.9252945,0.14737125,0.45959973,-11.497499,-17.205,9.1425,0
0.11731588,-8.455123,0.9648633,-21.928705,-50.49198,-0.4222606,-2.217899,-2.243479,-10.1925,-16.89,6.4125,0
2.3834279,-13.761871,1.6065093,-21.92871,-50.49198,-1.8901697,0.23655757,-4.662505,-13.3125,-13.74,2.2649999,0
7.4746976,-10.30225,3.930082,-21.928732,-50.491978,-0.90484416,-0.89720833,-0.51717377,-15.7125,-13.162499,2.6924999,0
2.6539726,-10.821792,-0.6607997,-21.928741,-50.491978,0.7163922,0.22434026,1.4229342,-16.3575,-11.9175,0.03,0
3.4488475,-9.216479,4.0940847,-21.928766,-50.491955,2.3193026,0.1498147,1.1498774,-16.2075,-15.4425,1.275,0
0.31244332,-8.707711,3.383007,-21.92877,-50.491936,-0.6794349,0.92927873,1.5768722,-12.7725,-20.1975,0.86249995,0
6.669049,-4.5166616,-6.859388,-21.92877,-50.49192,-0.95310247,2.0874794,2.5951846,-9.915,-20.055,0.8175,0
-2.3463178,-2.5486276,2.2409728,-21.928766,-50.4919,1.8538233,-0.4457789,1.1901946,-8.97,-21.3675,2.205,0
7.48188,-3.5242648,-2.3678656,-21.928766,-50.491898,0.5936083,-1.8574885,-1.309466,-9.8475,-21.9975,1.4399999,0
-0.3866636,-21.176714,1.4652514,-21.928764,-50.49188,-1.1925616,0.39354995,-1.5641968,-12.5625,-19.994999,-1.0575,0
4.4436383,-11.377247,-1.1264719,-21.928762,-50.491867,-2.4656048,-0.36880988,-2.1274145,-17.2875,-16.935,-0.022499999,0
6.646304,-9.615114,5.4049106,-21.928764,-50.49185,-0.2603813,0.23472497,0.58910316,-19.2675,-13.3875,1.8299999,0
1.2605472,-6.0238113,1.0043676,-21.928766,-50.49184,2.5141687,0.65011334,1.8279378,-17.07,-13.6875,0.60749996,0
1.163582,-13.368025,3.4165258,-21.928774,-50.49183,1.5331191,1.3709344,2.1504748,-13.747499,-17.512499,0.9525,0
6.039374,-8.815451,8.397662,-21.92878,-50.49181,-0.03863723,1.5639677,0.93240947,-9.7725,-19.109999,-0.0525,0
39.221813,-22.814348,-2.8862102,-21.92878,-50.4918,-0.68310004,1.7869335,-0.029703323,-10.785,-19.4925,-1.5525,0
-1.210269,-3.1244333,2.634819,-21.928774,-50.49175,1.8110627,0.049021937,0.35697436,-10.4175,-21.779999,1.29,0
0.10414778,-7.668628,2.2170308,-21.928772,-50.491734,-0.08384126,-1.9442314,-2.9227612,-11.3324995,-22.365,0.45749998,0
5.827487,-8.061277,-1.2545617,-21.928768,-50.491722,-1.4918857,-0.8000808,-3.1842115,-14.6325,-18.675,0.2925,0
2.693477,-12.731168,-0.19752164,-21.928766,-50.49171,0.15989397,0.075289145,1.4027756,-16.8225,-15.9225,-1.485,0
4.3394904,-7.050924,1.7298107,-21.92876,-50.4917,0.3462079,0.47112983,0.8462774,-16.4925,-15.795,-2.34,0
-0.63087213,-11.098322,0.06823475,-21.928751,-50.49168,0.77686787,1.0978775,1.9910389,-13.634999,-18.4425,-1.9275,0
2.9640217,-7.183802,-0.61770403,-21.928745,-50.491665,0.22525656,0.07345655,-0.17081319,-12.0225,-19.125,-1.8675,0
5.0864816,-11.973403,-1.0785879,-21.92874,-50.49165,-1.2114985,-0.31138855,-3.4975853,-14.49,-15.764999,-5.1075,0
4.128801,-11.858481,0.2837129,-21.928738,-50.491634,0.2930626,-0.0364992,1.3624586,-16.244999,-14.662499,-4.41,0
4.6220064,-8.939949,1.7274165,-21.928738,-50.491596,-0.7619017,1.8950567,0.46754098,-15.8775,-16.109999,-5.52,0
-0.61530983,-6.2883706,-0.5327099,-21.928738,-50.491596,-0.37522396,2.2279782,2.2359958,-14.782499,-18.7575,-6.0225,0
2.2361844,-7.109582,-1.0271125,-21.928738,-50.49158,0.4812091,-0.04810564,0.022220224,-16.0425,-20.137499,-3.7575,0
-3.4344823,-23.68464,-1.2976574,-21.928738,-50.491566,-0.8950703,0.7124216,-1.5409839,-13.469999,-19.35,-6.6825,0
4.5501804,-10.965444,2.742558,-21.928738,-50.491524,-0.59696805,-0.36209038,-0.20502165,-17.8725,-15.6375,-2.475,0
2.6408045,-10.630256,-15.45577,-21.928736,-50.491512,1.012051,-0.20754147,1.6135242,-17.9925,-14.527499,-0.5925,0
-0.020350715,-8.947132,3.3542767,-21.928734,-50.491497,0.5196936,1.2066116,1.4516449,-11.9025,-19.5975,2.6025,0
24.876953,-14.030022,2.3355439,-21.928732,-50.49149,-0.7673995,-0.31871894,-0.09201158,-6.5625,-20.07,12.84,0
-1.5191209,-3.6236243,2.9747956,-21.928722,-50.491463,2.001042,-0.012064588,0.17799085,3.0974998,-17.5275,16.5075,0
0.9804256,-8.991425,1.283292,-21.928717,-50.491447,-0.011759156,-1.7713565,-2.266692,5.22,-16.4175,16.8825,0
1.8195933,-8.725668,0.2801216,-21.928715,-50.491436,-2.0667098,-0.5209153,-3.9734492,-0.3825,-15.5625,18.27,0
4.9284644,-12.546814,1.6591818,-21.928713,-50.49142,-0.5035057,-0.40668353,0.40462187,-1.7624999,-13.724999,19.635,0
2.8060043,-9.293094,-1.816002,-21.928713,-50.491405,0.03894266,1.6769779,2.1474204,-4.47,-9.8925,21.18,0
2.8778305,-7.8733325,3.654749,-21.928715,-50.491386,3.5123224,1.186453,2.357558,-0.9525,-9.412499,21.727499,0
-0.63206923,-2.670732,1.9369092,-21.928715,-50.49136,-0.25671613,1.3562735,2.3917665,7.125,-13.575,18.81,0
-0.16280572,-10.953473,-6.027403,-21.928726,-50.491356,0.23625213,-0.50625455,-4.3179774,11.1525,-13.1325,19.342499,0
5.8107276,-11.135432,3.1663318,-21.928732,-50.49136,-1.5688547,-0.572228,-1.032744,-1.3275,-14.827499,20.025,0
-3.3171666,-1.2114661,1.578976,-21.928732,-50.491364,1.7566957,-0.8886562,1.256168,13.8075,-12.037499,16.425,0
-0.5446809,-1.4580688,1.5753847,-21.928734,-50.491364,-0.7118107,2.4539983,1.5787048,4.6425,-15.134999,18.18,0
5.7628436,-9.880871,3.2752678,-21.928244,-50.49194,-0.24877487,0.61529404,0.2506838,-4.245,-11.2725,20.1225,0
4.3754034,-10.445902,1.887828,-21.928267,-50.491943,3.0553951,-1.6888897,2.1156554,0.037499998,-10.755,21.8025,0
-3.6619315,-10.757148,2.0853498,-21.92839,-50.49198,-0.656222,3.1393893,2.6862035,3.99,-13.5,19.3725,0
-6.4104753,-21.498734,-13.949816,-21.92841,-50.49198,-0.100334615,-0.123242065,-0.1915826,6.1724997,-16.297499,17.1525,0
-3.204639,-3.702633,-0.25617957,-21.928473,-50.49196,0.46043968,-1.3797919,2.144366,13.4775,-10.875,17.512499,0
5.1547165,-4.5418005,-1.258153,-21.928535,-50.491955,-0.08017606,-1.6595682,-1.6185638,9.1125,-13.162499,19.035,0
2.1511903,-17.934965,-0.48362875,-21.928562,-50.49195,-1.725847,0.87857693,-2.456671,1.5825,-15.322499,18.4725,0
5.959168,-11.235989,4.614824,-21.928585,-50.49195,-0.54809886,-0.23625213,0.7051676,0.7725,-13.53,20.234999,0
1.8926164,-13.53562,-1.2593501,-21.928606,-50.491955,0.76342887,-0.37675115,2.0258582,2.6174998,-11.5275,21.6225,0
3.1950622,-14.326903,2.56419,-21.928623,-50.49196,1.2331842,0.49006665,1.4944055,8.8575,-12.0824995,18.84,0
-3.240552,-13.3943615,0.23343466,-21.928635,-50.491966,-0.5737552,-0.6834055,1.1260537,12.974999,-12.3825,16.605,0
-1.9668367,-5.2325277,-0.5734113,-21.92865,-50.491978,-0.6366743,-1.3413074,2.1962895,12.134999,-11.849999,18.0075,0
7.3071036,-3.052607,-2.3942018,-21.928688,-50.49198,0.1366811,-2.090839,-1.97592,12.719999,-11.8949995,17.3475,0
2.779668,-17.496826,0.59136784,-21.928757,-50.49197,-1.7967074,0.33307427,-5.135926,2.1375,-14.4,19.4175,0
5.49589,-9.313444,0.5758055,-21.928776,-50.491825,0.24969117,-0.18616119,0.50052774,-2.2275,-12.2325,20.4525,0
3.855862,-10.144233,0.9840169,-21.92878,-50.491795,2.8043296,-2.3241894,1.3154219,-2.865,-10.6875,22.4625,0
0.1412579,-3.3626564,1.2198458,-21.928778,-50.49178,-0.33551773,0.19257528,1.1101712,6.6974998,-15.9,17.4,0
8.0684595,-13.84088,-5.363012,-21.928774,-50.491764,0.97234476,-0.7499898,-0.27038422,15.0525,-15.059999,12.0075,0
-4.355053,-9.241618,7.955932,-21.928759,-50.491695,0.8923214,3.1595478,-1.5379297,2.9025,-13.799999,20.3025,0
1.353921,-10.691308,0.89184016,-21.928738,-50.49163,-0.8559749,0.7826711,-1.069396,0.285,-12.915,19.814999,0
-1.2401965,3.0945058,2.717419,-21.928738,-50.491615,-1.159575,-1.6668985,-1.9820286,1.2825,-12.63,20.805,0
2.4492683,3.321955,7.7189064,-21.928738,-50.49155,-0.6049093,1.5651895,0.5597816,3.6975,-13.5975,19.7025,0
-1.3239936,3.108871,9.864111,-21.928728,-50.491478,-0.019089539,0.12293663,0.008781188,-5.1,-15.8025,18.3,0
-2.4361002,5.1810527,7.620744,-21.928713,-50.4914,-0.19013181,0.764956,0.7008915,-1.8,-15.202499,19.102499,0
-0.23582886,4.2161894,8.274361,-21.928715,-50.49138,0.09025534,-0.039553523,-0.0022143866,-4.4024997,-13.1025,18.8025,0
-0.18674773,4.4244847,8.566454,-21.928728,-50.491356,-0.0032070426,-0.038331795,-0.012599096,-3.6975,-12.997499,19.8,0
0.02633622,4.3718123,8.497022,-21.92873,-50.491356,-0.046578474,0.037415497,0.0075594573,-3.5024998,-12.997499,20.1,0
-0.039504327,4.1180267,8.813056,-21.928732,-50.49136,-0.0013744468,-0.0053450707,-0.008323039,-3.0974998,-13.2975,19.5975,0
-0.7625532,3.98874,8.604761,-21.928732,-50.49136,-0.010537425,-0.07620544,-0.027259862,-5.1974998,-13.5975,18.9,0
-0.748188,4.0940847,8.574833,-21.928732,-50.491364,0.04810564,0.06429356,0.030161472,-4.4024997,-13.702499,19.297499,0
-1.0666169,4.3502645,8.48146,-21.928732,-50.491364,0.057268616,0.021533,-0.008323039,-4.8975,-13.2,19.7025,0
-1.0247183,4.3873744,8.513782,-21.928732,-50.491364,-0.00870483,0.00076358154,0.023441954,-4.5975,-13.2975,19.5975,0
-1.0055647,4.1635165,8.700529,-21.928732,-50.491364,-0.00870483,-0.0016798794,-0.01198823,-4.2975,-13.4025,19.4025,0
-0.89064306,4.2521024,8.747216,-21.928734,-50.491364,0.033444874,0.03680463,-0.0046578473,-4.2,-13.5,19.5975,0
-1.0702082,4.3299136,8.441956,-21.928734,-50.491364,-0.010537425,-0.021227567,0.0173333,-4.2975,-13.2,19.4025,0
-1.0067618,4.2461166,8.468291,-21.928734,-50.491364,-0.028863383,0.045356743,0.035659257,-4.7999997,-13.2,19.5975,0
-0.9708488,4.2796354,8.651448,-21.928734,-50.491364,0.021838432,0.014813482,-0.0077121737,-4.7025,-13.4025,19.5975,0
-0.51355624,4.5501804,8.578424,-21.928738,-50.49134,0.02367103,0.025809057,0.0313832,-17.602499,-3.5024998,13.4025,1
0.02873042,4.7189717,8.979453,-21.928738,-50.491337,0.043829583,-0.024281893,0.07841983,-17.4975,-3,13.702499,1
0.22984336,4.924873,8.221688,-21.928741,-50.49132,0.016340645,0.041691553,0.04298964,-17.1,-2.3999999,14.099999,1
0.0047884034,4.9428296,8.35337,-21.928738,-50.491238,0.024281893,0.008093964,-0.07551821,-17.3025,-2.3999999,13.702499,1
-0.007182605,4.9643774,8.234857,-21.928734,-50.49122,-0.00076358154,0.026419923,0.006948592,-17.3025,-2.6025,13.799999,1
-0.0035913025,4.8374844,8.206126,-21.928736,-50.491188,-0.030085113,0.00870483,-0.020540344,-17.3025,-2.7,13.8975,1
-0.24181437,4.721366,8.973468,-21.928732,-50.491158,0.09758572,0.025809057,0.012446379,-17.3025,-2.7975,13.799999,1
-0.5542577,3.5936968,11.402386,-21.928728,-50.491135,0.8904888,0.79183406,0.2775619,-17.602499,-4.1025,13.4025,1
-1.4999673,4.4017396,8.333019,-21.928724,-50.491096,0.094531395,0.11927144,-0.042531494,-18.3975,-2.0025,11.7,1
0.80325466,4.578911,8.130709,-21.928719,-50.491062,-0.2762638,-0.13179417,-0.04680755,-17.602499,-2.7,12.9,1
-0.4369418,3.0609868,9.564836,-21.928715,-50.491024,0.24724771,-0.020616703,-0.089568116,-18.3975,-5.4975,11.9025,1
0.5722142,4.250905,8.607155,-21.928713,-50.49099,0.063988134,-0.08353582,0.123623855,-15.599999,-4.5975,15.697499,1
16.37993,-2.7940333,-6.7684083,-21.928705,-50.49095,-1.9879082,2.2353086,-1.6118443,14.8949995,-6.4725,18.69,1
10.644621,-7.856573,8.5700445,-21.9287,-50.490932,-2.1901047,-1.3950635,-0.09017898,10.6725,-16.8,15.075,1
0.2645593,0.49200845,-2.5234885,-21.928694,-50.4909,-2.5187502,-2.7951667,-3.8983128,14.025,-12.0075,16.5225,1
-3.217807,1.2234371,1.3994108,-21.92869,-50.49086,-0.9976957,-3.1726813,-3.4413857,10.605,-13.4625,18.404999,1
14.894329,-12.325351,-6.7624226,-21.928686,-50.49083,0.07620544,0.9427178,0.22502749,4.68,-12.5475,20.88,1
-2.1212628,-4.0426097,8.1797905,-21.928682,-50.49079,-0.9958631,2.8706086,-0.41515929,12.2699995,-13.4175,15.48,1
4.3155484,-39.221813,9.428367,-21.928679,-50.490757,2.354122,6.3433776,1.8035033,-1.14,-11.745,21.7875,1
-20.262129,-36.61812,-31.247923,-21.928675,-50.490738,-1.1809553,-6.36262,1.3410783,5.0025,-14.549999,19.275,1
-5.068525,-28.228836,5.9184666,-21.92867,-50.490707,1.5654949,7.195534,5.4143276,-6.6299996,-8.235,20.865,1
5.0613422,-1.555034,5.199009,-21.928667,-50.490677,0.8752172,15.201534,-12.627577,2.4225,-14.5575,19.59,1
1.8411411,0.10175357,10.296265,-21.928667,-50.490643,3.912439,10.563846,0.48769954,1.9649999,-11.9175,21.734999,1
7.904457,0.32202014,-0.7457938,-21.928667,-50.49061,-1.5725199,-0.9821186,-1.8348101,-0.3225,-13.6425,21.1875,1
-2.0123265,-1.4879963,3.4141316,-21.92867,-50.49059,-2.0948095,-2.227062,0.5225189,7.335,-14.737499,17.9175,1
-3.8235402,-36.426582,2.5617957,-21.928682,-50.490555,4.081038,8.757517,3.296458,-2.1599998,-10.6125,19.2225,1
-10.959458,-39.221813,-2.3427265,-21.928696,-50.49053,-0.41126502,-4.574006,0.33437237,0.78749996,-14.04,21.074999,1
-10.948685,-27.662607,3.8402996,-21.92871,-50.490498,4.3650904,1.4191927,2.0735056,-0.6525,-10.8375,21.164999,1
5.7855883,0.7110779,-2.2756886,-21.928722,-50.490467,-2.0233383,-4.358371,-2.2233205,1.1625,-13.492499,21.359999,1
0.08619126,0.93972415,0.6811504,-21.928732,-50.490448,-2.5199718,-10.79689,-1.6692656,5.1825,-15.059999,18.96,1
9.90601,-34.37954,9.831789,-21.928741,-50.490425,0.18555032,0.860251,-0.8458193,-4.23,-10.9425,22.4175,1
-21.753717,-32.424675,-28.081593,-21.928751,-50.490395,-1.3917037,-5.3925657,0.33620495,3,-14.28,19.102499,1
-10.030508,-37.100548,18.702307,-21.928759,-50.490364,-0.6097962,0.79427755,3.7008507,-5.6549997,-10.3125,21.9975,1
4.7979803,1.4317327,-2.6084828,-21.928762,-50.490334,-2.1485658,-3.269809,-2.5226443,1.3874999,-13.83,21.9075,1
-9.419987,3.072958,-30.516495,-21.928762,-50.490303,-1.3642148,-5.953951,0.04176791,-1.3125,-13.575,18.8325,1
27.502195,-17.14847,-14.850036,-21.92876,-50.490273,-0.27320948,-1.4769194,-0.5403867,-4.7025,-14.865,22.199999,1
-3.7481227,-15.610195,-14.348451,-21.928755,-50.49024,-1.1113166,-4.638147,0.85605127,-2.5125,-15.915,19.5525,1
-4.0019083,-10.618284,0.81522566,-21.92875,-50.490223,-0.66355234,0.4485278,8.043491,-12.9375,-7.5975,17.422499,1
7.668628,-5.9651537,3.9133227,-21.928728,-50.490204,-4.052633,13.830142,-11.828566,-3.87,-16.65,17.2425,1
0.08379706,2.268506,7.3849154,-21.928698,-50.490192,-0.09972375,0.2848159,-1.3552809,-12,-15.5475,14.445,1
17.373524,-6.4068837,-15.585056,-21.92867,-50.490185,-1.2933544,-1.651016,-0.7334201,-9.8324995,-9.63,19.994999,1
-0.7721301,-8.421604,-1.5155296,-21.92866,-50.490185,0.47143525,-3.4927747,0.5451209,0.285,-17.0175,17.1975,1
1.6208745,-13.43626,-17.246632,-21.9286,-50.490208,-0.8016079,1.4210253,5.943337,-13.282499,-7.1475,17.6775,1
5.543774,1.2797008,-2.6204538,-21.928576,-50.49023,-2.355649,-5.3253703,-2.2642484,-5.7149997,-15.9675,18.15,1
0.24540567,1.6938977,-0.7134721,-21.928553,-50.49025,-2.2872322,-8.899543,-1.1891255,3.5249999,-16.065,17.8575,1
11.646594,-38.704666,2.9759927,-21.92853,-50.49027,1.7505871,6.757544,1.9568305,-10.2225,-9.434999,20.3175,1
22.620419,-39.221813,39.195477,-21.928509,-50.490288,-0.70264775,1.7734945,-5.1023283,3.2024999,-16.0875,19.064999,1
0.46088383,0.053869538,6.4224463,-21.928486,-50.49031,0.5166393,2.2939517,-1.2978595,1.9124999,-15.389999,18.765,1
16.25184,-7.9343843,-17.071856,-21.928442,-50.490345,-1.1797335,-1.7634152,-0.5782603,-0.3075,-14.25,20.07,1
-1.7561469,-9.66659,-4.7764325,-21.928411,-50.490356,-0.11988231,-3.631441,1.0020481,13.2,-14.205,16.5225,1
-19.535488,-39.221813,26.142288,-21.928383,-50.490364,0.9265299,0.80832744,2.9048934,8.16,-14.032499,15.8925,1
9.276335,0.8595184,-2.8179753,-21.928354,-50.49037,-1.3477215,-2.698039,-1.6173421,15.12,-8.7975,14.88,1
-2.5893292,-1.6424223,5.422867,-21.928282,-50.490383,-1.3526083,-3.8611264,-0.9673815,19.89,-8.3625,-9.742499,1
-0.7697359,-37.317226,12.277467,-21.928251,-50.490387,2.3101397,15.096465,3.4271832,12.285,-19.342499,4.1475,1
-16.304514,-39.221813,4.1419687,-21.928223,-50.490395,-0.6586655,-5.545282,-1.4127022,21.119999,-10.5,-6.5025,1
0.14724341,-0.17597382,5.2289367,-21.928192,-50.49041,0.030390546,11.99266,0.9159161,18.9825,-14.5125,-5.7374997,1
12.459426,0.63087213,-4.3777976,-21.928165,-50.49043,-1.3923146,-0.7982482,-1.2569315,13.5225,-17.055,-9.2775,1
-2.9101522,-6.578069,8.588001,-21.928123,-50.49048,-0.46379945,1.2414309,-0.033368513,11.79,-9.0075,-17.699999,1
-8.710106,-26.7983,4.602853,-21.928104,-50.49051,7.9349866,-3.6467128,8.6665745,9.0525,-21.547499,-4.305,1
6.181829,-2.4887726,3.3734303,-21.928097,-50.490646,-1.0257955,6.232811,-9.787054,18.9825,-11.264999,-9.3,1
0.46447513,0.7158663,2.3511062,-21.928099,-50.490677,-0.016035212,-1.1604912,-0.6961573,18.525,-14.58,-6.9975,1
19.260155,-13.042414,-13.721169,-21.928108,-50.490726,-0.21639901,-1.4188873,-1.0199159,10.8825,-20.16,-7.7999997,1
0.39624038,-10.976217,-14.097059,-21.928114,-50.490757,-1.2145529,-4.2099304,0.404011,19.8375,-11.1525,-7.17,1
-2.7700913,-29.087156,19.734207,-21.92812,-50.490784,0.29428434,4.764291,4.108298,9.705,-21.172499,1.125,1
8.844181,1.520318,-4.7644615,-21.928122,-50.490803,-2.1736112,-3.6351063,-1.8842902,21.6225,-9.69,3.8325,1
-1.6400281,0.80804306,3.9719806,-21.928127,-50.49083,-1.5596917,-7.5195985,-1.5379297,16.012499,-5.745,-15.622499,1
-3.3722332,-33.01724,-0.90740246,-21.928137,-50.490883,7.2398224,-8.113359,5.4155493,7.6275,-21.9375,5.6025,1
5.5629277,-3.3279405,3.821146,-21.928143,-50.49091,0.1207986,8.834486,-9.746737,20.535,-10.215,-0.405,1
-0.9744401,0.7457938,-5.5042696,-21.928148,-50.49096,-1.3910929,-6.4530277,-1.236773,21.9525,-9.224999,-6.8849998,1
19.78688,-17.324444,-8.444349,-21.928156,-50.490997,0.11285736,-1.0511464,-0.6857726,10.6725,-20.7225,1.11,1
-15.142129,-39.221813,-17.592594,-21.928162,-50.49102,-0.058184914,-5.3791265,0.6288094,20.445,-10.514999,-6.5025,1
-0.18674773,-0.2705448,7.443573,-21.928175,-50.491062,2.0444133,13.565638,1.0173197,18.0825,-16.095,-5.8424997,1
8.457518,-5.7484784,-7.237672,-21.928183,-50.49109,-1.6036739,-0.75732017,-0.6283513,7.98,-20.085,-9.8775,1
-4.268862,-5.7724204,12.319365,-21.928185,-50.491108,-0.6776023,3.5779905,-0.6118579,3.9824998,-9.7125,-21.525,1
1.5143325,-37.136463,21.217415,-21.928186,-50.491135,1.9662225,9.011026,7.259752,4.29,-18.8925,-13.4775,1
13.542802,-39.221813,11.536461,-21.92819,-50.491184,-0.71853024,-4.2814016,-2.97835,7.3875,-12.8025,-18.2025,1
-0.6835446,1.1731589,4.238934,-21.928192,-50.491203,-0.04352415,-2.5911376,-1.663157,3.6074998,-14.782499,-18.69,1
16.877924,-11.184513,-13.743915,-21.928196,-50.49123,0.3810272,-1.6174184,-0.60452753,-1.05,-17.94,-16.0725,1
-22.019472,-39.221813,-26.427198,-21.9282,-50.49126,-0.63239825,-3.7939312,-1.3064117,3.09,-15.037499,-18.9075,1
-0.5267244,1.3371617,4.0258503,-21.92821,-50.49134,-0.18585575,-1.9026926,-0.90934926,4.56,-14.827499,-18.3825,1
6.731298,-11.830948,-2.3630772,-21.92821,-50.491352,-0.3013093,-2.304031,0.46509752,-4.6425,-17.9025,-15.945,1
-5.9304376,-33.53798,-17.677588,-21.928211,-50.49137,-0.5169447,-3.1500793,-1.1353694,1.6424999,-15.8775,-18.4875,1
-0.16160862,1.1683705,3.3075895,-21.928743,-50.491375,1.5349517,1.0575604,-1.0626764,2.1,-14.25,-19.154999,1
9.485827,-9.006987,-14.876372,-21.928743,-50.491375,-0.69043046,-3.2172744,-0.6576728,-4.1925,-17.1,-17.1525,1
3.7672763,-17.345991,-12.561179,-21.928741,-50.491364,-0.7124216,-3.0731103,-0.34002286,-0.78749996,-15.697499,-18.824999,1
0.16160862,-0.025139118,2.268506,-21.928738,-50.491352,1.9430096,3.0831897,0.11262828,1.8149999,-14.5425,-19.9275,1
9.840169,-7.067683,-25.729288,-21.928736,-50.491352,-0.15042557,-2.0407481,0.63980496,-4.4775,-17.7675,-17.0025,1
-22.005108,-38.70586,-21.695059,-21.928738,-50.49134,-1.2389874,-3.5611916,-0.7780132,0.2175,-15.12,-19.365,1
0.089782566,2.801216,2.597709,-21.928738,-50.49134,0.04444045,0.26343563,-1.2434926,3.4575,-14.115,-19.9425,1
10.358514,-16.068686,-14.444219,-21.928738,-50.49134,1.4353806,0.76923203,1.002659,-5.5575,-17.3025,-16.0425,1
2.9041667,-39.221813,3.217807,-21.928738,-50.491337,0.7096727,-1.9900463,-2.6851346,3.0225,-15.105,-19.0425,1
-5.007473,3.5063083,-13.666103,-21.928738,-50.491337,-1.3196217,-2.5722008,-0.31803173,-0.32999998,-14.0025,-19.627499,1
10.3692875,-32.252293,13.253103,-21.928738,-50.491337,1.2912164,8.116108,1.9983693,-6.4575,-17.227499,-17.49,1
9.544485,-14.583082,26.882097,-21.928738,-50.491337,-1.9793562,13.869848,-9.942824,2.22,-15.8775,-18.5625,1
-0.60094464,1.5131354,-0.39863458,-21.92874,-50.491337,-2.537076,-1.6901114,0.630642,-1.485,-13.139999,-20.5275,1
-4.0521865,-24.793156,4.296395,-21.92874,-50.49131,4.0132318,-5.84766,5.9549437,-4.3575,-17.4375,-17.227499,1
4.545392,0.34955344,-2.7497406,-21.928734,-50.49129,-1.7820467,-3.124423,-3.2398002,5.505,-15.6675,-16.77,1
-0.7613561,-0.038307227,2.6240451,-21.928614,-50.490196,-0.978148,0.11010846,0.04665483,-3.9675,-11.8575,-18.945,1
-8.358158,-27.200525,-3.1471782,-21.928461,-50.490334,0.30711251,-4.8440084,6.691036,-2.7825,-17.8125,-17.055,1
3.38181,-0.31004912,-2.9149406,-21.928328,-50.490376,-2.310445,-4.247804,-2.5776222,4.56,-15.8775,-17.6175,1
-3.1794999,-2.4875755,4.140772,-21.928299,-50.490383,-0.18646662,-1.2056953,1.1596513,-0.082499996,-13.7775,-19.7025,1
-11.580753,-26.534937,-1.7058687,-21.92814,-50.490456,-0.044135015,3.2456799,5.707543,-4.0125,-16.5975,-17.4975,1
10.107122,-0.82121116,-0.08020575,-21.928097,-50.490543,-0.3483459,1.4778358,-1.2740358,-5.3175,-17.3175,-16.32,1
-0.25258827,-8.6813755,3.393781,-21.928095,-50.490574,-0.5627596,-2.7218628,-0.041309763,1.5675,-15.9675,-18.7425,1
-0.9528923,-5.7963624,2.801216,-21.928097,-50.4906,1.9955441,4.563316,-1.0871111,3.6675,-15.997499,-18.4125,1
11.311406,-6.8893156,-28.842947,-21.928095,-50.490627,-0.066737026,-2.7915015,0.29039007,-3.5549998,-18.0675,-16.5675,1
-1.2066777,-39.221813,11.733982,-21.928102,-50.490704,-0.03313944,-2.235614,-3.9422953,2.4225,-15.75,-17.7675,1
-3.5302503,3.7816415,-13.408727,-21.928133,-50.490856,-2.5230262,-2.4182627,0.34720054,-1.2375,-14.7675,-19.5,1
3.107674,-28.195316,7.1287355,-21.928148,-50.490936,5.109735,-3.2343788,7.827245,-4.7025,-18.1125,-15.9825,1
10.78947,0.94451255,-4.999093,-21.92815,-50.49098,-1.5865698,-0.15439619,-1.1885147,-3.405,-17.797499,-16.335,1
-0.58777654,-11.34253,2.2397757,-21.92817,-50.491043,-1.055117,-2.9698741,-0.58925587,1.5525,-15.5175,-19.2675,1
-1.3694834,-4.9440265,-0.14724341,-21.928188,-50.491165,-0.86391616,-2.1201606,-1.1084913,1.6125,-12.2699995,-20.3475,1
0.09935937,-9.539697,-6.307524,-21.928204,-50.491287,-2.2175937,1.2078333,-1.4652367,-5.5274997,-16.6275,-17.4375,1
-0.29448682,-2.504335,7.487866,-21.928207,-50.491314,2.8586967,-0.15561792,-1.7608954,6.555,-19.5,12.2625,1
1.4041992,4.0438066,14.101848,-21.928211,-50.491386,0.37797287,-0.15195273,0.11018482,20.137499,8.88,5.9625,1
-1.9273324,3.110068,12.898762,-21.928207,-50.491394,0.43172902,-0.6382015,0.29222265,17.699999,7.2,11.9025,1
-4.6112323,0.92416185,6.623559,-21.928207,-50.491405,-0.20234911,-0.6516405,0.49441907,13.2,10.5,13.4025,1
0.1352724,4.3287168,9.861717,-21.928205,-50.491413,0.54534996,0.6733262,-0.4078289,18.6,6.3975,10.2,1
-0.22625206,4.2066126,8.92319,-21.928205,-50.49142,-0.05085453,-0.08903361,-0.2514474,18.9,7.5,9.0975,1
-1.0510546,3.763685,9.303867,-21.92821,-50.49143,0.07315111,-0.016340645,0.022220224,18.3,7.2,11.0025,1
-1.067814,3.478775,9.010578,-21.92821,-50.49143,-0.20540343,0.12415836,0.48342347,17.9025,5.7974997,12.5025,1
-0.25258827,3.6607344,8.983045,-21.928211,-50.49143,-0.19807306,0.11682798,0.02893974,18.9,8.3025,8.7,1
-0.35194764,3.3913867,8.791509,-21.928213,-50.49143,-0.08384126,-0.050549097,0.02405282,18.3,8.4,9.599999,1

